Contrast name:,Group (N-Adj)
Within-subjects contrast matrix:,c[1;1],c[1;2],c[1;3],c[1;4],c[1;5],c[1;6],c[1;7],c[1;8],c[1;9],c[1;10],c[1;11],c[1;12],c[1;13],c[1;14],c[1;15],c[1;16],c[1;17],c[1;18],c[1;19],c[1;20],
,0.000000,0.000000,0.000000,0.000000,0.000000,1.000000,0.000000,0.000000,0.000000,0.000000,0.000000,0.000000,0.000000,0.000000,0.000000,0.000000,0.000000,0.000000,0.000000,0.000000,
Between-subjects contrast matrix:,c[1;1],
,1.000000,
Overlap threshold:,0.000000

Results
ROI#,ROI size,average localizer mask size,inter-subject overlap,h[1;1],stderr[1;1],T/F,dof,p,p-fdr
1,2948,294,1.000000,-0.188950,0.024383,-7.749168,6.000000,0.999879,0.999911
2,1627,162,1.000000,-0.147874,0.046060,-3.210469,6.000000,0.990822,0.999911
3,644,64,1.000000,-0.025318,0.129601,-0.195354,6.000000,0.574218,0.999911
4,743,74,1.000000,-0.284480,0.034743,-8.188091,6.000000,0.999911,0.999911
5,462,46,1.000000,-0.284529,0.075945,-3.746501,6.000000,0.995225,0.999911
6,370,37,1.000000,-0.277911,0.053616,-5.183406,6.000000,0.998976,0.999911
