Contrast name:,Group (N-Adv)
Within-subjects contrast matrix:,c[1;1],c[1;2],c[1;3],c[1;4],c[1;5],c[1;6],c[1;7],c[1;8],c[1;9],c[1;10],c[1;11],c[1;12],c[1;13],c[1;14],c[1;15],c[1;16],c[1;17],c[1;18],c[1;19],c[1;20],
,0.000000,0.000000,0.000000,0.000000,0.000000,0.000000,1.000000,0.000000,0.000000,0.000000,0.000000,0.000000,0.000000,0.000000,0.000000,0.000000,0.000000,0.000000,0.000000,0.000000,
Between-subjects contrast matrix:,c[1;1],
,1.000000,
Overlap threshold:,0.000000

Results
ROI#,ROI size,average localizer mask size,inter-subject overlap,h[1;1],stderr[1;1],T/F,dof,p,p-fdr
1,2948,294,1.000000,-0.306381,0.079996,-3.829940,6.000000,0.995670,0.995670
2,1627,162,1.000000,-0.089761,0.087197,-1.029402,6.000000,0.828506,0.995670
3,644,64,1.000000,0.168441,0.118427,1.422322,6.000000,0.102388,0.614325
4,743,74,1.000000,-0.434342,0.173374,-2.505229,6.000000,0.976900,0.995670
5,462,46,1.000000,-0.412382,0.264682,-1.558027,6.000000,0.914881,0.995670
6,370,37,1.000000,-0.258117,0.142473,-1.811693,6.000000,0.940003,0.995670
