Contrast name:,Group (Adj-V)
Within-subjects contrast matrix:,c[1;1],c[1;2],c[1;3],c[1;4],c[1;5],c[1;6],c[1;7],c[1;8],c[1;9],c[1;10],c[1;11],c[1;12],c[1;13],c[1;14],c[1;15],c[1;16],c[1;17],c[1;18],c[1;19],c[1;20],
,0.000000,0.000000,0.000000,0.000000,0.000000,0.000000,0.000000,0.000000,0.000000,0.000000,0.000000,1.000000,0.000000,0.000000,0.000000,0.000000,0.000000,0.000000,0.000000,0.000000,
Between-subjects contrast matrix:,c[1;1],
,1.000000,
Overlap threshold:,0.000000

Results
ROI#,ROI size,average localizer mask size,inter-subject overlap,h[1;1],stderr[1;1],T/F,dof,p,p-fdr
1,2948,294,1.000000,0.063049,0.044108,1.429408,6.000000,0.101411,0.152116
2,1627,162,1.000000,0.187247,0.071445,2.620875,6.000000,0.019770,0.100413
3,644,64,1.000000,0.222495,0.203944,1.090961,6.000000,0.158576,0.158576
4,743,74,1.000000,0.136218,0.074948,1.817510,6.000000,0.059515,0.119030
5,462,46,1.000000,0.164385,0.140673,1.168557,6.000000,0.143453,0.158576
6,370,37,1.000000,0.243562,0.109049,2.233511,6.000000,0.033471,0.100413
