Contrast name:,Group (V-NAdjAdv)
Within-subjects contrast matrix:,c[1;1],c[1;2],c[1;3],c[1;4],c[1;5],c[1;6],c[1;7],c[1;8],c[1;9],c[1;10],c[1;11],c[1;12],c[1;13],c[1;14],c[1;15],c[1;16],c[1;17],c[1;18],c[1;19],c[1;20],
,0.000000,0.000000,0.000000,0.000000,0.000000,0.000000,0.000000,0.000000,0.000000,0.000000,0.000000,0.000000,0.000000,0.000000,0.000000,0.000000,0.000000,1.000000,0.000000,0.000000,
Between-subjects contrast matrix:,c[1;1],
,1.000000,
Overlap threshold:,0.000000

Results
ROI#,ROI size,average localizer mask size,inter-subject overlap,h[1;1],stderr[1;1],T/F,dof,p,p-fdr
1,2948,294,1.000000,-0.034610,0.048072,-0.719974,6.000000,0.750692,0.977796
2,1627,162,1.000000,-0.121032,0.047753,-2.534526,6.000000,0.977796,0.977796
3,644,64,1.000000,-0.154154,0.146109,-1.055059,6.000000,0.833991,0.977796
4,743,74,1.000000,-0.090263,0.075574,-1.194368,6.000000,0.861298,0.977796
5,462,46,1.000000,-0.109811,0.078792,-1.393685,6.000000,0.893577,0.977796
6,370,37,1.000000,-0.143724,0.070604,-2.035650,6.000000,0.956014,0.977796
