Contrast name:,Group (Adv-NVAdj)
Within-subjects contrast matrix:,c[1;1],c[1;2],c[1;3],c[1;4],c[1;5],c[1;6],c[1;7],c[1;8],c[1;9],c[1;10],c[1;11],c[1;12],c[1;13],c[1;14],c[1;15],c[1;16],c[1;17],c[1;18],c[1;19],c[1;20],
,0.000000,0.000000,0.000000,0.000000,0.000000,0.000000,0.000000,0.000000,0.000000,0.000000,0.000000,0.000000,0.000000,0.000000,0.000000,0.000000,0.000000,0.000000,0.000000,1.000000,
Between-subjects contrast matrix:,c[1;1],
,1.000000,
Overlap threshold:,0.000000

Results
ROI#,ROI size,average localizer mask size,inter-subject overlap,h[1;1],stderr[1;1],T/F,dof,p,p-fdr
1,2948,294,1.000000,0.203111,0.079166,2.565621,6.000000,0.021293,0.127756
2,1627,162,1.000000,0.055828,0.090862,0.614421,6.000000,0.280749,0.336898
3,644,64,1.000000,-0.109503,0.097268,-1.125782,6.000000,0.848368,0.848368
4,743,74,1.000000,0.292900,0.163647,1.789827,6.000000,0.061841,0.185524
5,462,46,1.000000,0.280484,0.247717,1.132276,6.000000,0.150365,0.225548
6,370,37,1.000000,0.157507,0.136246,1.156048,6.000000,0.145805,0.225548
