Contrast name:,Group (N-V)
Within-subjects contrast matrix:,c[1;1],c[1;2],c[1;3],c[1;4],c[1;5],c[1;6],c[1;7],c[1;8],c[1;9],c[1;10],c[1;11],c[1;12],c[1;13],c[1;14],c[1;15],c[1;16],c[1;17],c[1;18],c[1;19],c[1;20],
,0.000000,0.000000,0.000000,0.000000,1.000000,0.000000,0.000000,0.000000,0.000000,0.000000,0.000000,0.000000,0.000000,0.000000,0.000000,0.000000,0.000000,0.000000,0.000000,0.000000,
Between-subjects contrast matrix:,c[1;1],
,1.000000,
Overlap threshold:,0.000000

Results
ROI#,ROI size,average localizer mask size,inter-subject overlap,h[1;1],stderr[1;1],T/F,dof,p,p-fdr
1,2948,294,1.000000,-0.125901,0.054802,-2.297367,6.000000,0.969339,0.969339
2,1627,162,1.000000,0.039373,0.044941,0.876095,6.000000,0.207336,0.622009
3,644,64,1.000000,0.197177,0.116714,1.689398,6.000000,0.071052,0.426312
4,743,74,1.000000,-0.148262,0.092613,-1.600866,6.000000,0.919738,0.969339
5,462,46,1.000000,-0.120144,0.111251,-1.079935,6.000000,0.839171,0.969339
6,370,37,1.000000,-0.034349,0.081388,-0.422045,6.000000,0.656152,0.969339
