Contrast name:,Group (Adj-NVAdv)
Within-subjects contrast matrix:,c[1;1],c[1;2],c[1;3],c[1;4],c[1;5],c[1;6],c[1;7],c[1;8],c[1;9],c[1;10],c[1;11],c[1;12],c[1;13],c[1;14],c[1;15],c[1;16],c[1;17],c[1;18],c[1;19],c[1;20],
,0.000000,0.000000,0.000000,0.000000,0.000000,0.000000,0.000000,0.000000,0.000000,0.000000,0.000000,0.000000,0.000000,0.000000,0.000000,0.000000,0.000000,0.000000,1.000000,0.000000,
Between-subjects contrast matrix:,c[1;1],
,1.000000,
Overlap threshold:,0.000000

Results
ROI#,ROI size,average localizer mask size,inter-subject overlap,h[1;1],stderr[1;1],T/F,dof,p,p-fdr
1,2948,294,1.000000,0.049393,0.039877,1.238645,6.000000,0.130868,0.196302
2,1627,162,1.000000,0.130535,0.067280,1.940163,6.000000,0.050210,0.171713
3,644,64,1.000000,0.142690,0.136632,1.044344,6.000000,0.168282,0.201939
4,743,74,1.000000,0.092927,0.071313,1.303083,6.000000,0.120158,0.196302
5,462,46,1.000000,0.110991,0.151616,0.732053,6.000000,0.245865,0.245865
6,370,37,1.000000,0.182840,0.099064,1.845670,6.000000,0.057238,0.171713
