Contrast name:,Group (N-VAdjAdv)
Within-subjects contrast matrix:,c[1;1],c[1;2],c[1;3],c[1;4],c[1;5],c[1;6],c[1;7],c[1;8],c[1;9],c[1;10],c[1;11],c[1;12],c[1;13],c[1;14],c[1;15],c[1;16],c[1;17],c[1;18],c[1;19],c[1;20],
,0.000000,0.000000,0.000000,0.000000,0.000000,0.000000,0.000000,0.000000,0.000000,0.000000,0.000000,0.000000,0.000000,0.000000,0.000000,0.000000,1.000000,0.000000,0.000000,0.000000,
Between-subjects contrast matrix:,c[1;1],
,1.000000,
Overlap threshold:,0.000000

Results
ROI#,ROI size,average localizer mask size,inter-subject overlap,h[1;1],stderr[1;1],T/F,dof,p,p-fdr
1,2948,294,1.000000,-0.205041,0.038538,-5.320486,6.000000,0.999103,0.999103
2,1627,162,1.000000,-0.068666,0.032054,-2.142223,6.000000,0.962041,0.999103
3,644,64,1.000000,0.109422,0.076854,1.423763,6.000000,0.102188,0.613129
4,743,74,1.000000,-0.290096,0.078414,-3.699544,6.000000,0.994953,0.999103
5,462,46,1.000000,-0.271567,0.110977,-2.447048,6.000000,0.975005,0.999103
6,370,37,1.000000,-0.190588,0.060452,-3.152693,6.000000,0.990126,0.999103
