Contrast name:,Group (Adv-V)
Within-subjects contrast matrix:,c[1;1],c[1;2],c[1;3],c[1;4],c[1;5],c[1;6],c[1;7],c[1;8],c[1;9],c[1;10],c[1;11],c[1;12],c[1;13],c[1;14],c[1;15],c[1;16],c[1;17],c[1;18],c[1;19],c[1;20],
,0.000000,0.000000,0.000000,0.000000,0.000000,0.000000,0.000000,0.000000,0.000000,0.000000,0.000000,0.000000,0.000000,0.000000,1.000000,0.000000,0.000000,0.000000,0.000000,0.000000,
Between-subjects contrast matrix:,c[1;1],
,1.000000,
Overlap threshold:,0.000000

Results
ROI#,ROI size,average localizer mask size,inter-subject overlap,h[1;1],stderr[1;1],T/F,dof,p,p-fdr
1,2948,294,1.000000,0.180480,0.080988,2.228482,6.000000,0.033703,0.118378
2,1627,162,1.000000,0.129133,0.087891,1.469243,6.000000,0.096078,0.119257
3,644,64,1.000000,0.028736,0.156594,0.183503,6.000000,0.430224,0.430224
4,743,74,1.000000,0.286081,0.157060,1.821475,6.000000,0.059189,0.118378
5,462,46,1.000000,0.292238,0.202334,1.444339,6.000000,0.099381,0.119257
6,370,37,1.000000,0.223768,0.118193,1.893243,6.000000,0.053585,0.118378
