Contrast name:,Group (L-M)
Within-subjects contrast matrix:,c[1;1],c[1;2],c[1;3],c[1;4],c[1;5],c[1;6],c[1;7],c[1;8],c[1;9],c[1;10],c[1;11],
,0.000000,0.000000,0.000000,0.000000,1.000000,0.000000,0.000000,0.000000,0.000000,0.000000,0.000000,
Between-subjects contrast matrix:,c[1;1],
,1.000000,
Overlap threshold:,0.000000

Results
ROI#,ROI size,average localizer mask size,inter-subject overlap,h[1;1],stderr[1;1],T/F,dof,p,p-fdr
1,2948,294,1.000000,0.047234,0.039519,1.195219,6.000000,0.138548,0.430946
2,1627,162,1.000000,0.016133,0.022685,0.711163,6.000000,0.251839,0.486670
3,644,64,1.000000,-0.009131,0.070735,-0.129082,6.000000,0.549244,0.549244
4,743,74,1.000000,0.018940,0.090164,0.210063,6.000000,0.420285,0.504342
5,462,46,1.000000,0.032222,0.067269,0.479005,6.000000,0.324446,0.486670
6,370,37,1.000000,0.060495,0.051815,1.167510,6.000000,0.143649,0.430946
