Contrast name:,Group (M-H)
Within-subjects contrast matrix:,c[1;1],c[1;2],c[1;3],c[1;4],c[1;5],c[1;6],c[1;7],c[1;8],c[1;9],c[1;10],c[1;11],
,0.000000,0.000000,0.000000,0.000000,0.000000,1.000000,0.000000,0.000000,0.000000,0.000000,0.000000,
Between-subjects contrast matrix:,c[1;1],
,1.000000,
Overlap threshold:,0.000000

Results
ROI#,ROI size,average localizer mask size,inter-subject overlap,h[1;1],stderr[1;1],T/F,dof,p,p-fdr
1,2948,294,1.000000,-0.067040,0.039725,-1.687590,6.000000,0.928771,0.928771
2,1627,162,1.000000,-0.018296,0.043024,-0.425244,6.000000,0.657256,0.928771
3,644,64,1.000000,-0.123341,0.078681,-1.567600,6.000000,0.915990,0.928771
4,743,74,1.000000,-0.029571,0.086731,-0.340956,6.000000,0.627620,0.928771
5,462,46,1.000000,-0.065972,0.101990,-0.646842,6.000000,0.729163,0.928771
6,370,37,1.000000,-0.069922,0.095236,-0.734199,6.000000,0.754744,0.928771
