Contrast name:,Group (H-L)
Within-subjects contrast matrix:,c[1;1],c[1;2],c[1;3],c[1;4],c[1;5],c[1;6],c[1;7],c[1;8],c[1;9],c[1;10],c[1;11],
,0.000000,0.000000,0.000000,0.000000,0.000000,0.000000,1.000000,0.000000,0.000000,0.000000,0.000000,
Between-subjects contrast matrix:,c[1;1],
,1.000000,
Overlap threshold:,0.000000

Results
ROI#,ROI size,average localizer mask size,inter-subject overlap,h[1;1],stderr[1;1],T/F,dof,p,p-fdr
1,2948,294,1.000000,0.019806,0.024101,0.821786,6.000000,0.221311,0.478616
2,1627,162,1.000000,0.002163,0.038681,0.055906,6.000000,0.478616,0.478616
3,644,64,1.000000,0.132472,0.052076,2.543819,6.000000,0.021927,0.131563
4,743,74,1.000000,0.010631,0.076500,0.138971,6.000000,0.447010,0.478616
5,462,46,1.000000,0.033749,0.055759,0.605271,6.000000,0.283586,0.478616
6,370,37,1.000000,0.009428,0.092528,0.101888,6.000000,0.461083,0.478616
