Contrast name:,Group (H-M)
Within-subjects contrast matrix:,c[1;1],c[1;2],c[1;3],c[1;4],c[1;5],c[1;6],c[1;7],c[1;8],c[1;9],c[1;10],c[1;11],
,0.000000,0.000000,0.000000,0.000000,0.000000,0.000000,0.000000,0.000000,1.000000,0.000000,0.000000,
Between-subjects contrast matrix:,c[1;1],
,1.000000,
Overlap threshold:,0.000000

Results
ROI#,ROI size,average localizer mask size,inter-subject overlap,h[1;1],stderr[1;1],T/F,dof,p,p-fdr
1,2948,294,1.000000,0.022711,0.022860,0.993492,6.000000,0.179416,0.538247
2,1627,162,1.000000,-0.005689,0.019550,-0.290978,6.000000,0.609568,0.914351
3,644,64,1.000000,0.049229,0.029406,1.674085,6.000000,0.072569,0.435412
4,743,74,1.000000,-0.062764,0.036009,-1.743009,6.000000,0.934020,0.934020
5,462,46,1.000000,0.006391,0.017143,0.372781,6.000000,0.361063,0.722125
6,370,37,1.000000,-0.043611,0.030342,-1.437320,6.000000,0.899670,0.934020
