Contrast name:,Group (M-L)
Within-subjects contrast matrix:,c[1;1],c[1;2],c[1;3],c[1;4],c[1;5],c[1;6],c[1;7],c[1;8],c[1;9],c[1;10],c[1;11],
,0.000000,0.000000,0.000000,0.000000,0.000000,0.000000,0.000000,1.000000,0.000000,0.000000,0.000000,
Between-subjects contrast matrix:,c[1;1],
,1.000000,
Overlap threshold:,0.000000

Results
ROI#,ROI size,average localizer mask size,inter-subject overlap,h[1;1],stderr[1;1],T/F,dof,p,p-fdr
1,2948,294,1.000000,-0.073491,0.026058,-2.820307,6.000000,0.984829,0.989305
2,1627,162,1.000000,-0.047286,0.037358,-1.265756,6.000000,0.873736,0.989305
3,644,64,1.000000,-0.117556,0.038045,-3.089899,6.000000,0.989305,0.989305
4,743,74,1.000000,-0.051908,0.031706,-1.637160,6.000000,0.923644,0.989305
5,462,46,1.000000,-0.057561,0.048914,-1.176776,6.000000,0.858075,0.989305
6,370,37,1.000000,-0.042555,0.024653,-1.726190,6.000000,0.932468,0.989305
