Contrast name:,Group (L)
Within-subjects contrast matrix:,c[1;1],c[1;2],c[1;3],c[1;4],c[1;5],c[1;6],c[1;7],c[1;8],c[1;9],c[1;10],c[1;11],
,0.000000,0.000000,1.000000,0.000000,0.000000,0.000000,0.000000,0.000000,0.000000,0.000000,0.000000,
Between-subjects contrast matrix:,c[1;1],
,1.000000,
Overlap threshold:,0.000000

Results
ROI#,ROI size,average localizer mask size,inter-subject overlap,h[1;1],stderr[1;1],T/F,dof,p,p-fdr
1,2948,294,1.000000,0.362670,0.126165,2.874578,6.000000,0.014129,0.028257
2,1627,162,1.000000,0.271215,0.124054,2.186269,6.000000,0.035721,0.042865
3,644,64,1.000000,0.767486,0.208967,3.672758,6.000000,0.005210,0.015630
4,743,74,1.000000,0.467505,0.200567,2.330923,6.000000,0.029283,0.042865
5,462,46,1.000000,0.268239,0.225620,1.188900,6.000000,0.139697,0.139697
6,370,37,1.000000,0.615716,0.118851,5.180571,6.000000,0.001027,0.006160
