Contrast name:,Group (H-L)
Within-subjects contrast matrix:,c[1;1],c[1;2],c[1;3],c[1;4],c[1;5],c[1;6],c[1;7],c[1;8],c[1;9],c[1;10],c[1;11],
,0.000000,0.000000,0.000000,0.000000,0.000000,0.000000,1.000000,0.000000,0.000000,0.000000,0.000000,
Between-subjects contrast matrix:,c[1;1],
,1.000000,
Overlap threshold:,0.000000

Results
ROI#,ROI size,average localizer mask size,inter-subject overlap,h[1;1],stderr[1;1],T/F,dof,p,p-fdr
1,2948,294,1.000000,-0.050780,0.025655,-1.979326,6.000000,0.952444,0.979345
2,1627,162,1.000000,-0.052975,0.028088,-1.886013,6.000000,0.945876,0.979345
3,644,64,1.000000,-0.068327,0.049353,-1.384457,6.000000,0.892246,0.979345
4,743,74,1.000000,-0.114673,0.044306,-2.588217,6.000000,0.979345,0.979345
5,462,46,1.000000,-0.051170,0.057225,-0.894182,6.000000,0.797169,0.979345
6,370,37,1.000000,-0.086166,0.035910,-2.399533,6.000000,0.973336,0.979345
