Contrast name:,Group (Adv-NVAdj)
Within-subjects contrast matrix:,c[1;1],c[1;2],c[1;3],c[1;4],c[1;5],c[1;6],c[1;7],c[1;8],c[1;9],c[1;10],c[1;11],c[1;12],c[1;13],c[1;14],c[1;15],c[1;16],c[1;17],c[1;18],c[1;19],c[1;20],
,0.000000,0.000000,0.000000,0.000000,0.000000,0.000000,0.000000,0.000000,0.000000,0.000000,0.000000,0.000000,0.000000,0.000000,0.000000,0.000000,0.000000,0.000000,0.000000,1.000000,
Between-subjects contrast matrix:,c[1;1],
,1.000000,
Overlap threshold:,0.000000

Results
ROI#,ROI size,average localizer mask size,inter-subject overlap,h[1;1],stderr[1;1],T/F,dof,p,p-fdr
1,2948,294,1.000000,0.158999,0.106494,1.493031,6.000000,0.093019,0.139529
2,1627,162,1.000000,-0.002461,0.086460,-0.028464,6.000000,0.510892,0.510892
3,644,64,1.000000,0.005568,0.134772,0.041313,6.000000,0.484193,0.510892
4,743,74,1.000000,0.222266,0.112954,1.967761,6.000000,0.048325,0.096650
5,462,46,1.000000,0.332095,0.125799,2.639887,6.000000,0.019273,0.096650
6,370,37,1.000000,0.386797,0.183312,2.110050,6.000000,0.039684,0.096650
