Contrast name:,Group (V-NAdjAdv)
Within-subjects contrast matrix:,c[1;1],c[1;2],c[1;3],c[1;4],c[1;5],c[1;6],c[1;7],c[1;8],c[1;9],c[1;10],c[1;11],c[1;12],c[1;13],c[1;14],c[1;15],c[1;16],c[1;17],c[1;18],c[1;19],c[1;20],
,0.000000,0.000000,0.000000,0.000000,0.000000,0.000000,0.000000,0.000000,0.000000,0.000000,0.000000,0.000000,0.000000,0.000000,0.000000,0.000000,0.000000,1.000000,0.000000,0.000000,
Between-subjects contrast matrix:,c[1;1],
,1.000000,
Overlap threshold:,0.000000

Results
ROI#,ROI size,average localizer mask size,inter-subject overlap,h[1;1],stderr[1;1],T/F,dof,p,p-fdr
1,2948,294,1.000000,0.064271,0.037575,1.710449,6.000000,0.069017,0.414101
2,1627,162,1.000000,0.004711,0.028084,0.167749,6.000000,0.436146,0.804555
3,644,64,1.000000,0.041553,0.051101,0.813153,6.000000,0.223594,0.670782
4,743,74,1.000000,-0.031149,0.042899,-0.726097,6.000000,0.752442,0.902930
5,462,46,1.000000,-0.010507,0.110378,-0.095195,6.000000,0.536370,0.804555
6,370,37,1.000000,-0.153359,0.092149,-1.664246,6.000000,0.926440,0.926440
