Contrast name:,Group (Adj-N)
Within-subjects contrast matrix:,c[1;1],c[1;2],c[1;3],c[1;4],c[1;5],c[1;6],c[1;7],c[1;8],c[1;9],c[1;10],c[1;11],c[1;12],c[1;13],c[1;14],c[1;15],c[1;16],c[1;17],c[1;18],c[1;19],c[1;20],
,0.000000,0.000000,0.000000,0.000000,0.000000,0.000000,0.000000,0.000000,0.000000,0.000000,1.000000,0.000000,0.000000,0.000000,0.000000,0.000000,0.000000,0.000000,0.000000,0.000000,
Between-subjects contrast matrix:,c[1;1],
,1.000000,
Overlap threshold:,0.000000

Results
ROI#,ROI size,average localizer mask size,inter-subject overlap,h[1;1],stderr[1;1],T/F,dof,p,p-fdr
1,2948,294,1.000000,0.107188,0.046093,2.325463,6.000000,0.029503,0.059006
2,1627,162,1.000000,0.064170,0.037886,1.693775,6.000000,0.070624,0.105936
3,644,64,1.000000,0.082010,0.057440,1.427749,6.000000,0.101639,0.121966
4,743,74,1.000000,0.229672,0.046231,4.967932,6.000000,0.001266,0.003798
5,462,46,1.000000,0.009644,0.058690,0.164324,6.000000,0.437436,0.437436
6,370,37,1.000000,0.310470,0.049185,6.312249,6.000000,0.000369,0.002214
