Contrast name:,Group (N-Adv)
Within-subjects contrast matrix:,c[1;1],c[1;2],c[1;3],c[1;4],c[1;5],c[1;6],c[1;7],c[1;8],c[1;9],c[1;10],c[1;11],c[1;12],c[1;13],c[1;14],c[1;15],c[1;16],c[1;17],c[1;18],c[1;19],c[1;20],
,0.000000,0.000000,0.000000,0.000000,0.000000,0.000000,1.000000,0.000000,0.000000,0.000000,0.000000,0.000000,0.000000,0.000000,0.000000,0.000000,0.000000,0.000000,0.000000,0.000000,
Between-subjects contrast matrix:,c[1;1],
,1.000000,
Overlap threshold:,0.000000

Results
ROI#,ROI size,average localizer mask size,inter-subject overlap,h[1;1],stderr[1;1],T/F,dof,p,p-fdr
1,2948,294,1.000000,-0.255321,0.125781,-2.029888,6.000000,0.955661,0.994330
2,1627,162,1.000000,-0.030401,0.104572,-0.290714,6.000000,0.609471,0.994330
3,644,64,1.000000,-0.062185,0.146565,-0.424287,6.000000,0.656926,0.994330
4,743,74,1.000000,-0.349776,0.120616,-2.899916,6.000000,0.986331,0.994330
5,462,46,1.000000,-0.373343,0.103649,-3.602004,6.000000,0.994330,0.994330
6,370,37,1.000000,-0.527262,0.189822,-2.777667,6.000000,0.983952,0.994330
