Contrast name:,Group (V-N)
Within-subjects contrast matrix:,c[1;1],c[1;2],c[1;3],c[1;4],c[1;5],c[1;6],c[1;7],c[1;8],c[1;9],c[1;10],c[1;11],c[1;12],c[1;13],c[1;14],c[1;15],c[1;16],c[1;17],c[1;18],c[1;19],c[1;20],
,0.000000,0.000000,0.000000,0.000000,0.000000,0.000000,0.000000,1.000000,0.000000,0.000000,0.000000,0.000000,0.000000,0.000000,0.000000,0.000000,0.000000,0.000000,0.000000,0.000000,
Between-subjects contrast matrix:,c[1;1],
,1.000000,
Overlap threshold:,0.000000

Results
ROI#,ROI size,average localizer mask size,inter-subject overlap,h[1;1],stderr[1;1],T/F,dof,p,p-fdr
1,2948,294,1.000000,0.182417,0.054546,3.344260,6.000000,0.007765,0.025808
2,1627,162,1.000000,0.036257,0.024480,1.481090,6.000000,0.094543,0.136307
3,644,64,1.000000,0.089336,0.066412,1.345183,6.000000,0.113589,0.136307
4,743,74,1.000000,0.158868,0.048702,3.262022,6.000000,0.008603,0.025808
5,462,46,1.000000,0.112241,0.109723,1.022955,6.000000,0.172895,0.172895
6,370,37,1.000000,0.120924,0.066272,1.824661,6.000000,0.058928,0.117857
