Contrast name:,Group (Adv-V)
Within-subjects contrast matrix:,c[1;1],c[1;2],c[1;3],c[1;4],c[1;5],c[1;6],c[1;7],c[1;8],c[1;9],c[1;10],c[1;11],c[1;12],c[1;13],c[1;14],c[1;15],c[1;16],c[1;17],c[1;18],c[1;19],c[1;20],
,0.000000,0.000000,0.000000,0.000000,0.000000,0.000000,0.000000,0.000000,0.000000,0.000000,0.000000,0.000000,0.000000,0.000000,1.000000,0.000000,0.000000,0.000000,0.000000,0.000000,
Between-subjects contrast matrix:,c[1;1],
,1.000000,
Overlap threshold:,0.000000

Results
ROI#,ROI size,average localizer mask size,inter-subject overlap,h[1;1],stderr[1;1],T/F,dof,p,p-fdr
1,2948,294,1.000000,0.072904,0.089187,0.817425,6.000000,0.222462,0.333693
2,1627,162,1.000000,-0.005856,0.085021,-0.068880,6.000000,0.526338,0.584578
3,644,64,1.000000,-0.027151,0.121686,-0.223120,6.000000,0.584578,0.584578
4,743,74,1.000000,0.190908,0.106518,1.792257,6.000000,0.061633,0.155651
5,462,46,1.000000,0.261101,0.160846,1.623305,6.000000,0.077825,0.155651
6,370,37,1.000000,0.406338,0.196201,2.071030,6.000000,0.041884,0.155651
