Contrast name:,Group (N-VAdjAdv)
Within-subjects contrast matrix:,c[1;1],c[1;2],c[1;3],c[1;4],c[1;5],c[1;6],c[1;7],c[1;8],c[1;9],c[1;10],c[1;11],c[1;12],c[1;13],c[1;14],c[1;15],c[1;16],c[1;17],c[1;18],c[1;19],c[1;20],
,0.000000,0.000000,0.000000,0.000000,0.000000,0.000000,0.000000,0.000000,0.000000,0.000000,0.000000,0.000000,0.000000,0.000000,0.000000,0.000000,1.000000,0.000000,0.000000,0.000000,
Between-subjects contrast matrix:,c[1;1],
,1.000000,
Overlap threshold:,0.000000

Results
ROI#,ROI size,average localizer mask size,inter-subject overlap,h[1;1],stderr[1;1],T/F,dof,p,p-fdr
1,2948,294,1.000000,-0.180169,0.063731,-2.827014,6.000000,0.984962,0.997745
2,1627,162,1.000000,-0.043873,0.053033,-0.827274,6.000000,0.780132,0.997745
3,644,64,1.000000,-0.078157,0.070138,-1.114334,6.000000,0.846114,0.997745
4,743,74,1.000000,-0.244032,0.055314,-4.411738,6.000000,0.997745,0.997745
5,462,46,1.000000,-0.160911,0.050638,-3.177695,6.000000,0.990434,0.997745
6,370,37,1.000000,-0.315398,0.074854,-4.213504,6.000000,0.997199,0.997745
