Contrast name:,Group (V-Adj)
Within-subjects contrast matrix:,c[1;1],c[1;2],c[1;3],c[1;4],c[1;5],c[1;6],c[1;7],c[1;8],c[1;9],c[1;10],c[1;11],c[1;12],c[1;13],c[1;14],c[1;15],c[1;16],c[1;17],c[1;18],c[1;19],c[1;20],
,0.000000,0.000000,0.000000,0.000000,0.000000,0.000000,0.000000,0.000000,1.000000,0.000000,0.000000,0.000000,0.000000,0.000000,0.000000,0.000000,0.000000,0.000000,0.000000,0.000000,
Between-subjects contrast matrix:,c[1;1],
,1.000000,
Overlap threshold:,0.000000

Results
ROI#,ROI size,average localizer mask size,inter-subject overlap,h[1;1],stderr[1;1],T/F,dof,p,p-fdr
1,2948,294,1.000000,0.075229,0.060929,1.234699,6.000000,0.131550,0.527227
2,1627,162,1.000000,-0.027913,0.021952,-1.271532,6.000000,0.874699,0.971923
3,644,64,1.000000,0.007326,0.067192,0.109027,6.000000,0.458368,0.916736
4,743,74,1.000000,-0.070804,0.049747,-1.423304,6.000000,0.897748,0.971923
5,462,46,1.000000,0.102597,0.101583,1.009983,6.000000,0.175742,0.527227
6,370,37,1.000000,-0.189546,0.080258,-2.361695,6.000000,0.971923,0.971923
