Contrast name:,Group (M-H)
Within-subjects contrast matrix:,c[1;1],c[1;2],c[1;3],c[1;4],c[1;5],c[1;6],c[1;7],c[1;8],c[1;9],c[1;10],c[1;11],
,0.000000,0.000000,0.000000,0.000000,0.000000,1.000000,0.000000,0.000000,0.000000,0.000000,0.000000,
Between-subjects contrast matrix:,c[1;1],
,1.000000,
Overlap threshold:,0.000000

Results
ROI#,ROI size,average localizer mask size,inter-subject overlap,h[1;1],stderr[1;1],T/F,dof,p,p-fdr
1,2948,294,1.000000,-0.011915,0.037153,-0.320712,6.000000,0.620348,0.984851
2,1627,162,1.000000,-0.070857,0.025114,-2.821410,6.000000,0.984851,0.984851
3,644,64,1.000000,-0.023456,0.038514,-0.609040,6.000000,0.717585,0.984851
4,743,74,1.000000,-0.057383,0.069141,-0.829950,6.000000,0.780833,0.984851
5,462,46,1.000000,-0.014651,0.061871,-0.236796,6.000000,0.589654,0.984851
6,370,37,1.000000,-0.121159,0.082160,-1.474668,6.000000,0.904627,0.984851
