Contrast name:,Group (M-L)
Within-subjects contrast matrix:,c[1;1],c[1;2],c[1;3],c[1;4],c[1;5],c[1;6],c[1;7],c[1;8],c[1;9],c[1;10],c[1;11],
,0.000000,0.000000,0.000000,0.000000,0.000000,0.000000,0.000000,1.000000,0.000000,0.000000,0.000000,
Between-subjects contrast matrix:,c[1;1],
,1.000000,
Overlap threshold:,0.000000

Results
ROI#,ROI size,average localizer mask size,inter-subject overlap,h[1;1],stderr[1;1],T/F,dof,p,p-fdr
1,2948,294,1.000000,-0.111107,0.045493,-2.442259,6.000000,0.974841,0.983942
2,1627,162,1.000000,-0.123794,0.044575,-2.777207,6.000000,0.983942,0.983942
3,644,64,1.000000,0.033854,0.057983,0.583859,6.000000,0.290293,0.983942
4,743,74,1.000000,-0.142272,0.061973,-2.295714,6.000000,0.969270,0.983942
5,462,46,1.000000,-0.058368,0.032222,-1.811418,6.000000,0.939980,0.983942
6,370,37,1.000000,-0.184467,0.091459,-2.016940,6.000000,0.954859,0.983942
