Contrast name:,Group (H)
Within-subjects contrast matrix:,c[1;1],c[1;2],c[1;3],c[1;4],c[1;5],c[1;6],c[1;7],c[1;8],c[1;9],c[1;10],c[1;11],
,1.000000,0.000000,0.000000,0.000000,0.000000,0.000000,0.000000,0.000000,0.000000,0.000000,0.000000,
Between-subjects contrast matrix:,c[1;1],
,1.000000,
Overlap threshold:,0.000000

Results
ROI#,ROI size,average localizer mask size,inter-subject overlap,h[1;1],stderr[1;1],T/F,dof,p,p-fdr
1,2948,294,1.000000,0.649226,0.065221,9.954316,6.000000,0.000030,0.000178
2,1627,162,1.000000,0.623228,0.123045,5.065058,6.000000,0.001150,0.002952
3,644,64,1.000000,0.640668,0.133028,4.816045,6.000000,0.001476,0.002952
4,743,74,1.000000,0.682400,0.224188,3.043875,6.000000,0.011345,0.013614
5,462,46,1.000000,0.838500,0.312996,2.678949,6.000000,0.018294,0.018294
6,370,37,1.000000,0.795608,0.230289,3.454822,6.000000,0.006776,0.010165
