Contrast name:,Group (V)
Within-subjects contrast matrix:,c[1;1],c[1;2],c[1;3],c[1;4],c[1;5],c[1;6],c[1;7],c[1;8],c[1;9],c[1;10],c[1;11],c[1;12],c[1;13],c[1;14],c[1;15],c[1;16],c[1;17],c[1;18],c[1;19],c[1;20],
,0.000000,0.000000,0.000000,1.000000,0.000000,0.000000,0.000000,0.000000,0.000000,0.000000,0.000000,0.000000,0.000000,0.000000,0.000000,0.000000,0.000000,0.000000,0.000000,0.000000,
Between-subjects contrast matrix:,c[1;1],
,1.000000,
Overlap threshold:,0.000000

Results
ROI#,ROI size,average localizer mask size,inter-subject overlap,h[1;1],stderr[1;1],T/F,dof,p,p-fdr
1,2948,294,1.000000,0.790664,0.076282,10.365012,6.000000,0.000024,0.000142
2,1627,162,1.000000,0.613771,0.101452,6.049840,6.000000,0.000462,0.001385
3,644,64,1.000000,0.724669,0.160789,4.506972,6.000000,0.002037,0.004074
4,743,74,1.000000,0.818252,0.221811,3.688961,6.000000,0.005111,0.006133
5,462,46,1.000000,0.979065,0.301499,3.247321,6.000000,0.008763,0.008763
6,370,37,1.000000,0.900144,0.216730,4.153297,6.000000,0.002995,0.004492
