Contrast name:,Group (V-NAdjAdv)
Within-subjects contrast matrix:,c[1;1],c[1;2],c[1;3],c[1;4],c[1;5],c[1;6],c[1;7],c[1;8],c[1;9],c[1;10],c[1;11],c[1;12],c[1;13],c[1;14],c[1;15],c[1;16],c[1;17],c[1;18],c[1;19],c[1;20],
,0.000000,0.000000,0.000000,0.000000,0.000000,0.000000,0.000000,0.000000,0.000000,0.000000,0.000000,0.000000,0.000000,0.000000,0.000000,0.000000,0.000000,1.000000,0.000000,0.000000,
Between-subjects contrast matrix:,c[1;1],
,1.000000,
Overlap threshold:,0.000000

Results
ROI#,ROI size,average localizer mask size,inter-subject overlap,h[1;1],stderr[1;1],T/F,dof,p,p-fdr
1,2948,294,1.000000,-0.000729,0.050025,-0.014573,6.000000,0.505577,0.758366
2,1627,162,1.000000,-0.061069,0.050212,-1.216224,6.000000,0.865214,0.865214
3,644,64,1.000000,0.166142,0.052159,3.185327,6.000000,0.009474,0.056844
4,743,74,1.000000,0.011576,0.053465,0.216514,6.000000,0.417881,0.758366
5,462,46,1.000000,0.037734,0.055609,0.678555,6.000000,0.261358,0.758366
6,370,37,1.000000,-0.042272,0.072392,-0.583934,6.000000,0.709731,0.851677
