Contrast name:,Group (Adj-NVAdv)
Within-subjects contrast matrix:,c[1;1],c[1;2],c[1;3],c[1;4],c[1;5],c[1;6],c[1;7],c[1;8],c[1;9],c[1;10],c[1;11],c[1;12],c[1;13],c[1;14],c[1;15],c[1;16],c[1;17],c[1;18],c[1;19],c[1;20],
,0.000000,0.000000,0.000000,0.000000,0.000000,0.000000,0.000000,0.000000,0.000000,0.000000,0.000000,0.000000,0.000000,0.000000,0.000000,0.000000,0.000000,0.000000,1.000000,0.000000,
Between-subjects contrast matrix:,c[1;1],
,1.000000,
Overlap threshold:,0.000000

Results
ROI#,ROI size,average localizer mask size,inter-subject overlap,h[1;1],stderr[1;1],T/F,dof,p,p-fdr
1,2948,294,1.000000,-0.032919,0.044309,-0.742948,6.000000,0.757213,0.826930
2,1627,162,1.000000,0.068260,0.044492,1.534212,6.000000,0.087937,0.394477
3,644,64,1.000000,0.040023,0.043642,0.917063,6.000000,0.197238,0.394477
4,743,74,1.000000,-0.044035,0.055219,-0.797462,6.000000,0.772213,0.826930
5,462,46,1.000000,-0.099282,0.097130,-1.022156,6.000000,0.826930,0.826930
6,370,37,1.000000,0.041744,0.045348,0.920525,6.000000,0.196403,0.394477
