Contrast name:,Group (N-Adj)
Within-subjects contrast matrix:,c[1;1],c[1;2],c[1;3],c[1;4],c[1;5],c[1;6],c[1;7],c[1;8],c[1;9],c[1;10],c[1;11],c[1;12],c[1;13],c[1;14],c[1;15],c[1;16],c[1;17],c[1;18],c[1;19],c[1;20],
,0.000000,0.000000,0.000000,0.000000,0.000000,1.000000,0.000000,0.000000,0.000000,0.000000,0.000000,0.000000,0.000000,0.000000,0.000000,0.000000,0.000000,0.000000,0.000000,0.000000,
Between-subjects contrast matrix:,c[1;1],
,1.000000,
Overlap threshold:,0.000000

Results
ROI#,ROI size,average localizer mask size,inter-subject overlap,h[1;1],stderr[1;1],T/F,dof,p,p-fdr
1,2948,294,1.000000,-0.139844,0.058976,-2.371209,6.000000,0.972285,0.987370
2,1627,162,1.000000,-0.116917,0.059862,-1.953119,6.000000,0.950684,0.987370
3,644,64,1.000000,-0.015886,0.037258,-0.426364,6.000000,0.657642,0.987370
4,743,74,1.000000,-0.141695,0.088753,-1.596499,6.000000,0.919255,0.987370
5,462,46,1.000000,-0.067659,0.128586,-0.526172,6.000000,0.691179,0.987370
6,370,37,1.000000,-0.283278,0.095678,-2.960728,6.000000,0.987370,0.987370
