Contrast name:,Group (N-Adv)
Within-subjects contrast matrix:,c[1;1],c[1;2],c[1;3],c[1;4],c[1;5],c[1;6],c[1;7],c[1;8],c[1;9],c[1;10],c[1;11],c[1;12],c[1;13],c[1;14],c[1;15],c[1;16],c[1;17],c[1;18],c[1;19],c[1;20],
,0.000000,0.000000,0.000000,0.000000,0.000000,0.000000,1.000000,0.000000,0.000000,0.000000,0.000000,0.000000,0.000000,0.000000,0.000000,0.000000,0.000000,0.000000,0.000000,0.000000,
Between-subjects contrast matrix:,c[1;1],
,1.000000,
Overlap threshold:,0.000000

Results
ROI#,ROI size,average localizer mask size,inter-subject overlap,h[1;1],stderr[1;1],T/F,dof,p,p-fdr
1,2948,294,1.000000,-0.377832,0.095773,-3.945059,6.000000,0.996210,0.996210
2,1627,162,1.000000,-0.134418,0.083086,-1.617819,6.000000,0.921585,0.996210
3,644,64,1.000000,0.192927,0.105699,1.825258,6.000000,0.058880,0.353278
4,743,74,1.000000,-0.402333,0.149036,-2.699565,6.000000,0.982202,0.996210
5,462,46,1.000000,-0.358872,0.211398,-1.697610,6.000000,0.929749,0.996210
6,370,37,1.000000,-0.539571,0.175020,-3.082907,6.000000,0.989209,0.996210
