Contrast name:,Group (V-N)
Within-subjects contrast matrix:,c[1;1],c[1;2],c[1;3],c[1;4],c[1;5],c[1;6],c[1;7],c[1;8],c[1;9],c[1;10],c[1;11],c[1;12],c[1;13],c[1;14],c[1;15],c[1;16],c[1;17],c[1;18],c[1;19],c[1;20],
,0.000000,0.000000,0.000000,0.000000,0.000000,0.000000,0.000000,1.000000,0.000000,0.000000,0.000000,0.000000,0.000000,0.000000,0.000000,0.000000,0.000000,0.000000,0.000000,0.000000,
Between-subjects contrast matrix:,c[1;1],
,1.000000,
Overlap threshold:,0.000000

Results
ROI#,ROI size,average localizer mask size,inter-subject overlap,h[1;1],stderr[1;1],T/F,dof,p,p-fdr
1,2948,294,1.000000,0.163490,0.062213,2.627896,6.000000,0.019585,0.062020
2,1627,162,1.000000,0.020360,0.056326,0.361477,6.000000,0.365065,0.365065
3,644,64,1.000000,0.109328,0.061640,1.773654,6.000000,0.063241,0.075890
4,743,74,1.000000,0.182927,0.075975,2.407732,6.000000,0.026368,0.062020
5,462,46,1.000000,0.170144,0.074328,2.289104,6.000000,0.031010,0.062020
6,370,37,1.000000,0.220499,0.111896,1.970566,6.000000,0.048137,0.072206
