Contrast name:,Group (Adv-NVAdj)
Within-subjects contrast matrix:,c[1;1],c[1;2],c[1;3],c[1;4],c[1;5],c[1;6],c[1;7],c[1;8],c[1;9],c[1;10],c[1;11],c[1;12],c[1;13],c[1;14],c[1;15],c[1;16],c[1;17],c[1;18],c[1;19],c[1;20],
,0.000000,0.000000,0.000000,0.000000,0.000000,0.000000,0.000000,0.000000,0.000000,0.000000,0.000000,0.000000,0.000000,0.000000,0.000000,0.000000,0.000000,0.000000,0.000000,1.000000,
Between-subjects contrast matrix:,c[1;1],
,1.000000,
Overlap threshold:,0.000000

Results
ROI#,ROI size,average localizer mask size,inter-subject overlap,h[1;1],stderr[1;1],T/F,dof,p,p-fdr
1,2948,294,1.000000,0.277495,0.067496,4.111273,6.000000,0.003139,0.018832
2,1627,162,1.000000,0.090082,0.056613,1.591201,6.000000,0.081335,0.112223
3,644,64,1.000000,-0.235182,0.090185,-2.607780,6.000000,0.979880,0.979880
4,743,74,1.000000,0.294795,0.104677,2.816241,6.000000,0.015252,0.030505
5,462,46,1.000000,0.279372,0.187612,1.489098,6.000000,0.093519,0.112223
6,370,37,1.000000,0.373952,0.116679,3.204953,6.000000,0.009242,0.027726
