Contrast name:,Group (V-Adv)
Within-subjects contrast matrix:,c[1;1],c[1;2],c[1;3],c[1;4],c[1;5],c[1;6],c[1;7],c[1;8],c[1;9],c[1;10],c[1;11],c[1;12],c[1;13],c[1;14],c[1;15],c[1;16],c[1;17],c[1;18],c[1;19],c[1;20],
,0.000000,0.000000,0.000000,0.000000,0.000000,0.000000,0.000000,0.000000,0.000000,1.000000,0.000000,0.000000,0.000000,0.000000,0.000000,0.000000,0.000000,0.000000,0.000000,0.000000,
Between-subjects contrast matrix:,c[1;1],
,1.000000,
Overlap threshold:,0.000000

Results
ROI#,ROI size,average localizer mask size,inter-subject overlap,h[1;1],stderr[1;1],T/F,dof,p,p-fdr
1,2948,294,1.000000,-0.214342,0.065573,-3.268767,6.000000,0.991470,0.991470
2,1627,162,1.000000,-0.114058,0.063958,-1.783310,6.000000,0.937598,0.991470
3,644,64,1.000000,0.302255,0.088487,3.415811,6.000000,0.007108,0.042650
4,743,74,1.000000,-0.219406,0.096873,-2.264886,6.000000,0.967942,0.991470
5,462,46,1.000000,-0.188728,0.183423,-1.028921,6.000000,0.828402,0.991470
6,370,37,1.000000,-0.319072,0.106193,-3.004632,6.000000,0.988067,0.991470
