Contrast name:,Group (N-VAdjAdv)
Within-subjects contrast matrix:,c[1;1],c[1;2],c[1;3],c[1;4],c[1;5],c[1;6],c[1;7],c[1;8],c[1;9],c[1;10],c[1;11],c[1;12],c[1;13],c[1;14],c[1;15],c[1;16],c[1;17],c[1;18],c[1;19],c[1;20],
,0.000000,0.000000,0.000000,0.000000,0.000000,0.000000,0.000000,0.000000,0.000000,0.000000,0.000000,0.000000,0.000000,0.000000,0.000000,0.000000,1.000000,0.000000,0.000000,0.000000,
Between-subjects contrast matrix:,c[1;1],
,1.000000,
Overlap threshold:,0.000000

Results
ROI#,ROI size,average localizer mask size,inter-subject overlap,h[1;1],stderr[1;1],T/F,dof,p,p-fdr
1,2948,294,1.000000,-0.221400,0.061863,-3.578858,6.000000,0.994170,0.994170
2,1627,162,1.000000,-0.089136,0.056425,-1.579722,6.000000,0.917374,0.994170
3,644,64,1.000000,0.018485,0.055463,0.333291,6.000000,0.375127,0.994170
4,743,74,1.000000,-0.235143,0.093965,-2.502464,6.000000,0.976813,0.994170
5,462,46,1.000000,-0.192026,0.113668,-1.689349,6.000000,0.928943,0.994170
6,370,37,1.000000,-0.340087,0.117400,-2.896816,6.000000,0.986276,0.994170
