Contrast name:,Group (Adv-N)
Within-subjects contrast matrix:,c[1;1],c[1;2],c[1;3],c[1;4],c[1;5],c[1;6],c[1;7],c[1;8],c[1;9],c[1;10],c[1;11],c[1;12],c[1;13],c[1;14],c[1;15],c[1;16],c[1;17],c[1;18],c[1;19],c[1;20],
,0.000000,0.000000,0.000000,0.000000,0.000000,0.000000,0.000000,0.000000,0.000000,0.000000,0.000000,0.000000,0.000000,1.000000,0.000000,0.000000,0.000000,0.000000,0.000000,0.000000,
Between-subjects contrast matrix:,c[1;1],
,1.000000,
Overlap threshold:,0.000000

Results
ROI#,ROI size,average localizer mask size,inter-subject overlap,h[1;1],stderr[1;1],T/F,dof,p,p-fdr
1,2948,294,1.000000,0.377832,0.095773,3.945059,6.000000,0.003790,0.022741
2,1627,162,1.000000,0.134418,0.083086,1.617819,6.000000,0.078415,0.094097
3,644,64,1.000000,-0.192927,0.105699,-1.825258,6.000000,0.941120,0.941120
4,743,74,1.000000,0.402333,0.149036,2.699565,6.000000,0.017798,0.035597
5,462,46,1.000000,0.358872,0.211398,1.697610,6.000000,0.070251,0.094097
6,370,37,1.000000,0.539571,0.175020,3.082907,6.000000,0.010791,0.032374
