Contrast name:,Group (V-Adj)
Within-subjects contrast matrix:,c[1;1],c[1;2],c[1;3],c[1;4],c[1;5],c[1;6],c[1;7],c[1;8],c[1;9],c[1;10],c[1;11],c[1;12],c[1;13],c[1;14],c[1;15],c[1;16],c[1;17],c[1;18],c[1;19],c[1;20],
,0.000000,0.000000,0.000000,0.000000,0.000000,0.000000,0.000000,0.000000,1.000000,0.000000,0.000000,0.000000,0.000000,0.000000,0.000000,0.000000,0.000000,0.000000,0.000000,0.000000,
Between-subjects contrast matrix:,c[1;1],
,1.000000,
Overlap threshold:,0.000000

Results
ROI#,ROI size,average localizer mask size,inter-subject overlap,h[1;1],stderr[1;1],T/F,dof,p,p-fdr
1,2948,294,1.000000,0.023646,0.066178,0.357302,6.000000,0.366549,0.549823
2,1627,162,1.000000,-0.096556,0.067588,-1.428607,6.000000,0.898479,0.898479
3,644,64,1.000000,0.093443,0.061085,1.529704,6.000000,0.088481,0.290654
4,743,74,1.000000,0.041232,0.077223,0.533937,6.000000,0.306289,0.549823
5,462,46,1.000000,0.102486,0.070047,1.463090,6.000000,0.096885,0.290654
6,370,37,1.000000,-0.062779,0.083786,-0.749278,6.000000,0.758989,0.898479
