Contrast name:,Group (N)
Within-subjects contrast matrix:,c[1;1],c[1;2],c[1;3],c[1;4],c[1;5],c[1;6],c[1;7],c[1;8],c[1;9],c[1;10],c[1;11],c[1;12],c[1;13],c[1;14],c[1;15],c[1;16],c[1;17],c[1;18],c[1;19],c[1;20],
,1.000000,0.000000,0.000000,0.000000,0.000000,0.000000,0.000000,0.000000,0.000000,0.000000,0.000000,0.000000,0.000000,0.000000,0.000000,0.000000,0.000000,0.000000,0.000000,0.000000,
Between-subjects contrast matrix:,c[1;1],
,1.000000,
Overlap threshold:,0.000000

Results
ROI#,ROI size,average localizer mask size,inter-subject overlap,h[1;1],stderr[1;1],T/F,dof,p,p-fdr
1,2948,294,1.000000,0.627174,0.044913,13.964177,6.000000,0.000004,0.000025
2,1627,162,1.000000,0.593410,0.115580,5.134180,6.000000,0.001074,0.002681
3,644,64,1.000000,0.615341,0.125300,4.910949,6.000000,0.001341,0.002681
4,743,74,1.000000,0.635325,0.179921,3.531125,6.000000,0.006175,0.007411
5,462,46,1.000000,0.808921,0.249331,3.244366,6.000000,0.008795,0.008795
6,370,37,1.000000,0.679645,0.191678,3.545759,6.000000,0.006067,0.007411
